{
  "log_loss_producao": 2.635716531086147,
  "f1_score_producao": 0.19642857142857142,
  "accuracy_producao": 0.6175166297117517,
  "true_negatives": 3089,
  "false_positives": 541,
  "false_negatives": 1529,
  "true_positives": 253,
  "precision": 0.31863979848866497,
  "recall": 0.1419753086419753
}