{
  "modelo": "arvore_decisao",
  "log_loss": 13.832801744307726,
  "f1_score": 0.5584415584415584
}