{
  "modelo": "regressao_logistica",
  "log_loss": 0.6784928160667993,
  "f1_score": 0.5128923766816144
}