{
  "modelo": "arvore_decisao",
  "log_loss": 0.761176281038053,
  "f1_score": 0.501952035694367
}